name,uri,done,mtime,sid,remoteTLLocal
USRLSPLNKIDX002,"https://10.5.33.102:8089",remote_usrlsplunkmstidx_RemoteStorageRetrieveIndexes_1585193753.3135,0,1585193754.677428,0
usrlsplnkidx001,"https://10.5.33.100:8089",remote_usrlsplunkmstidx_RemoteStorageRetrieveIndexes_1585193753.3135,0,1585193754.686036,0
usrlsplnkidx003,"https://10.5.32.191:8089",remote_usrlsplunkmstidx_RemoteStorageRetrieveIndexes_1585193753.3135,1,1585193754.700622,0
usrlsplnkidx004,"https://10.5.33.241:8089",remote_usrlsplunkmstidx_RemoteStorageRetrieveIndexes_1585193753.3135,0,1585193754.463042,0
usrlsplnkidx005,"https://10.5.33.242:8089",remote_usrlsplunkmstidx_RemoteStorageRetrieveIndexes_1585193753.3135,1,1585193754.615333,0
usrlsplnkidx006,"https://10.5.33.243:8089",remote_usrlsplunkmstidx_RemoteStorageRetrieveIndexes_1585193753.3135,0,1585193754.626928,0
usrlsplnkidx007,"https://10.5.33.244:8089",remote_usrlsplunkmstidx_RemoteStorageRetrieveIndexes_1585193753.3135,0,1585193754.546947,0
usrlsplnkidx008,"https://10.5.33.245:8089",remote_usrlsplunkmstidx_RemoteStorageRetrieveIndexes_1585193753.3135,0,1585193754.593724,0
usrlsplnkidx009,"https://10.5.33.246:8089",remote_usrlsplunkmstidx_RemoteStorageRetrieveIndexes_1585193753.3135,0,1585193754.648773,0
usrlsplnkidx010,"https://10.5.33.247:8089",remote_usrlsplunkmstidx_RemoteStorageRetrieveIndexes_1585193753.3135,0,1585193754.576949,0
usrlsplnkidx011,"https://10.5.33.248:8089",remote_usrlsplunkmstidx_RemoteStorageRetrieveIndexes_1585193753.3135,0,1585193754.561976,0
usrlsplnkidx012,"https://10.5.33.249:8089",remote_usrlsplunkmstidx_RemoteStorageRetrieveIndexes_1585193753.3135,0,1585193754.563807,0
usrlsplnkidx013,"https://10.5.33.250:8089",remote_usrlsplunkmstidx_RemoteStorageRetrieveIndexes_1585193753.3135,0,1585193754.548731,0
usrlsplunkmstidx,"?","",0,0.000000,0
